{"cameraMode":{"drawMode":0,"name":"Shaded","section":"Shading Mode"},"sceneLighting":false,"audioPlay":false,"sceneViewState":{"m_AlwaysRefresh":false,"showFog":true,"showSkybox":false,"showFlares":true,"showImageEffects":true,"showParticleSystems":true,"showVisualEffectGraphs":true,"m_FxEnabled":true},"in2DMode":false,"pivot":{"x":1.039028286933899,"y":0.45939502120018008,"z":0.08071595430374146},"rotation":{"x":-0.10131155699491501,"y":0.8501377105712891,"z":-0.17747941613197328,"w":-0.4852886497974396},"size":0.5733674764633179,"orthographic":false}