{"cameraMode":{"drawMode":0,"name":"Shaded","section":"Shading Mode"},"sceneLighting":false,"audioPlay":false,"sceneViewState":{"m_AlwaysRefresh":false,"showFog":true,"showSkybox":false,"showFlares":true,"showImageEffects":true,"showParticleSystems":true,"showVisualEffectGraphs":true,"m_FxEnabled":true},"in2DMode":false,"pivot":{"x":0.15807080268859864,"y":-1.1041972637176514,"z":1.2121610641479493},"rotation":{"x":-0.3519645929336548,"y":0.27133381366729739,"z":-0.10737982392311096,"w":-0.8894327282905579},"size":2.126617670059204,"orthographic":false}