{"cameraMode":{"drawMode":0,"name":"Shaded","section":"Shading Mode"},"sceneLighting":false,"audioPlay":false,"sceneViewState":{"m_AlwaysRefresh":false,"showFog":true,"showSkybox":false,"showFlares":true,"showImageEffects":true,"showParticleSystems":true,"showVisualEffectGraphs":true,"m_FxEnabled":true},"in2DMode":false,"pivot":{"x":0.6250001192092896,"y":-0.010000001639127732,"z":0.4330129027366638},"rotation":{"x":0.14872144162654878,"y":0.04003819450736046,"z":-0.0060261692851781849,"w":0.9880548715591431},"size":0.5729094743728638,"orthographic":true}