{"cameraMode":{"drawMode":0,"name":"Shaded","section":"Shading Mode"},"sceneLighting":false,"audioPlay":false,"sceneViewState":{"m_AlwaysRefresh":false,"showFog":true,"showSkybox":false,"showFlares":true,"showImageEffects":true,"showParticleSystems":true,"showVisualEffectGraphs":true,"m_FxEnabled":true},"in2DMode":false,"pivot":{"x":0.8261414170265198,"y":-0.7539581656455994,"z":0.7025975584983826},"rotation":{"x":0.13679106533527375,"y":0.8500071167945862,"z":-0.26882290840148928,"w":0.4324920177459717},"size":1.1467349529266358,"orthographic":false}